{
  "L1_A_bootstrap_pf_overall": {
    "ci_lo": 0.7007643340387532,
    "ci_md": 0.7860682840367245,
    "ci_hi": 0.8793863981168629,
    "pf_obs": 0.7862617024567802,
    "p_pf_gte_1": 0.0
  },
  "L1_B_DSR_overall": {
    "sharpe_monthly_ann": -1.3988549073581769,
    "skew": -0.9419226504295983,
    "kurt": 4.335946273338604,
    "T_months": 88
  },
  "L1_B_DSR_subsegment_2024_2026": {
    "sharpe_monthly_ann": 1.7162844515854794,
    "skew": 0.5011184369323196,
    "kurt": 3.1093615420889815,
    "T_months": 28
  },
  "L1_C_Chow_2024": {
    "n_pre": 1617,
    "n_post": 746,
    "mean_pre": -0.08105813234384661,
    "mean_post": 0.07325335120643432,
    "var_pre": 0.3807521005789354,
    "var_post": 0.577583861901506,
    "welch_t": -4.8562391430464,
    "welch_p": 1.3521518806430084e-06,
    "levene_F": 43.990661964665286,
    "levene_p": 4.0767535680344374e-11,
    "mannwhitney_p": 4.2437827842207365e-07
  },
  "L1_D_holm_survivors": 0,
  "L1_D_bonf_survivors": 0,
  "L4_A_phi_choch_rsi": -0.2617329916280987,
  "L4_B_R2_OLS_multi": 0.000748174399811341,
  "L5_C_pf_short_2024_2026": 0.9827904027910626,
  "L5_C_ci_short": {
    "lo": 0.7211617641036919,
    "hi": 1.2990785016097044
  },
  "L5_pf_2024_2026_ci": {
    "lo": 1.048686315271849,
    "hi": 1.522921757588892
  },
  "L5_p_pf_sub_gte_120": 0.6986
}