{
  "baseline_spearman_score_vs_R": -0.01921714809691101,
  "sweep_spearman_score_vs_R": -0.016239284003602177
}