bucket,n,win_rate,expectancy_R,total_R,score_mean,score_min,score_max
"(39.999, 43.0]",806,0.47270471464019853,0.037491315136476425,30.217999999999996,41.38997059493139,40.00248571916232,42.979745981950536
"(43.0, 46.0]",112,0.45535714285714285,-0.07078571428571427,-7.927999999999999,44.37443150517731,43.03475132776071,45.86889238375446
"(46.0, 50.0]",251,0.4701195219123506,0.06127490039840637,15.379999999999999,48.45179608323531,46.05748340942642,49.9875781121508
"(50.0, 55.0]",257,0.4357976653696498,-0.03136186770428014,-8.059999999999997,52.592010871019525,50.03031467000934,54.99425645882612
"(55.0, 60.0]",112,0.4732142857142857,0.09721428571428573,10.888000000000002,56.58478807437744,55.0170077128188,59.947749255830914
"(60.0, 65.0]",49,0.42857142857142855,-0.0687142857142857,-3.366999999999999,62.172365217049496,60.034152558648174,64.79331286311451
"(65.0, 80.0]",10,0.5,0.19420000000000004,1.9420000000000004,72.29726755116306,66.66271570370334,77.11784183751645
