bucket,n,win_rate,expectancy_R,total_R,score_mean,score_min,score_max
"(39.999, 43.0]",452,0.4911504424778761,0.04687389380530973,21.186999999999998,41.398135200212714,40.00248571916232,42.979745981950536
"(43.0, 46.0]",57,0.40350877192982454,-0.12345614035087718,-7.036999999999999,44.49792106905127,43.03475132776071,45.86889238375446
"(46.0, 50.0]",138,0.4782608695652174,0.09242028985507247,12.754000000000001,48.52622068930267,46.05748340942642,49.9875781121508
"(50.0, 55.0]",138,0.47101449275362317,-0.0304927536231884,-4.207999999999999,52.66683543817961,50.060989287600215,54.97434658378469
"(55.0, 60.0]",62,0.45161290322580644,-0.015806451612903234,-0.9800000000000004,56.595605472032034,55.0378088576504,59.92425463042832
"(60.0, 65.0]",32,0.3125,-0.2249375,-7.198,62.406475465960526,60.034152558648174,64.79331286311451
"(65.0, 80.0]",5,0.6,0.263,1.315,70.89548447542819,66.66271570370334,75.32484061527072
