bucket,n,win_rate,expectancy_R,total_R,score_mean,score_min,score_max
"(39.999, 43.0]",354,0.4491525423728814,0.02551129943502825,9.031,41.379545731690826,40.01706470213385,42.94270530505756
"(43.0, 46.0]",55,0.509090909090909,-0.016200000000000013,-0.8910000000000008,44.24645141170792,43.06203131027494,45.85511386107013
"(46.0, 50.0]",113,0.46017699115044247,0.023238938053097357,2.6260000000000012,48.36090585635659,46.11254594947004,49.970528979346426
"(50.0, 55.0]",119,0.3949579831932773,-0.032369747899159654,-3.851999999999999,52.50523952422885,50.03031467000934,54.99425645882612
"(55.0, 60.0]",50,0.5,0.23735999999999996,11.867999999999999,56.57137450128575,55.0170077128188,59.947749255830914
"(60.0, 65.0]",17,0.6470588235294118,0.22535294117647056,3.8309999999999995,61.73168710145228,60.0804048646182,64.28495306801237
"(65.0, 80.0]",5,0.4,0.1254,0.627,73.69905062689791,67.20622153188874,77.11784183751645
