bucket,n,win_rate,expectancy_R,total_R,score_mean,score_min,score_max
"(30.0, 35.0]",512,0.427734375,-0.014839843749999998,-7.597999999999999,32.06495486939497,30.005376746537177,34.912892603627355
"(35.0, 40.0]",338,0.46449704142011833,0.01837278106508876,6.21,37.49795820860428,35.00669522838561,39.916398326121154
"(40.0, 45.0]",39,0.3333333333333333,-0.09135897435897437,-3.5630000000000006,42.46332776870878,40.082937711428535,44.99799913176123
"(45.0, 50.0]",33,0.36363636363636365,-0.16078787878787876,-5.305999999999999,47.30141140187007,45.10200165035359,48.86041709130348
"(50.0, 60.0]",2,0.0,-0.2935,-0.587,50.31906408989457,50.02406186395946,50.61406631582968
