dataset,n,mean,min,p10,p25,p50,p75,p90,p95,p99,max,share_ge_60,share_ge_70,share_ge_80
baseline_post_renorm,1597,46.40871325880776,40.00248571916232,41.012607915853664,41.42857142857143,42.92193945127574,50.85166993572163,55.16754767745075,57.81615147452482,63.57142857142857,77.11784183751645,0.036944270507201005,0.005009392611145898,0.0
sweep_relaxed30_pre_renorm,924,35.074914778203045,30.005376746537177,30.66100705749406,31.68737819673831,33.937724274040264,38.0,38.588211100373115,43.722409035995305,48.0,50.61406631582968,0.0,0.0,0.0
