year,n_trades,win_rate,expectancy_R,score_mean,score_p50,score_p90,score_max,corr_score_R
2019,172,0.5,0.05905232558139535,46.06820082495545,42.87836658307738,54.49137591338657,70.0465627167016,0.07100472447908669
2020,241,0.46887966804979253,0.006128630705394199,46.761021171590535,43.68485416190936,55.5430915119652,71.37384017855462,0.03263516567367092
2021,164,0.45121951219512196,0.005506097560975607,45.883980444714666,42.142857142857146,54.47670739505945,62.85714285714285,-0.03554470318834733
2022,219,0.4200913242009132,-0.02510502283105024,46.459261063426375,42.30408524656438,55.53780697130189,77.11784183751645,-0.03432683760587523
2023,137,0.40145985401459855,0.017160583941605852,46.00125431833847,42.142857142857146,54.95043756447966,63.57142857142857,-0.07565133719294674
2024,256,0.484375,0.06413671875,46.382803591198304,43.34684015605258,55.085421472710436,75.37894613738925,-0.0013556065765775317
2025,408,0.48284313725490197,0.032509803921568624,46.681024272763715,43.288417998376644,55.600527022313464,73.1794073678315,-0.043174910365533045
