year,n_trades,win_rate,expectancy_R,score_mean,score_p50,score_p90,score_max,corr_score_R
2019,98,0.40816326530612246,-0.009795918367346945,35.105738198534176,34.420732818516996,38.5,48.0,0.04790752748704895
2020,155,0.45161290322580644,0.01839354838709678,34.92649582669438,33.56358952094824,38.5,50.61406631582968,-0.03308108138105938
2021,104,0.3942307692307692,-0.06701923076923079,35.05189010391825,34.48521401428205,38.41302501925086,48.86041709130348,-0.12002528822743894
2022,129,0.40310077519379844,-0.0655348837209302,35.01203820357928,33.86638622957321,38.86322365221155,48.0,0.12096464857496328
2023,88,0.4090909090909091,-0.012852272727272728,35.55356665890807,34.50726438232286,41.24905924630972,48.0,-0.0656259978539389
2024,128,0.4140625,-0.03226562499999999,34.95798581848985,34.29525403557116,38.49043536319383,48.0,-0.02629031363446958
2025,222,0.49099099099099097,0.035810810810810806,35.08993922813423,33.77828927372754,39.71075214589001,48.49189722281132,-0.08216326944127755
